{
  "accuracy": 0.9485369547164281,
  "f1_macro": 0.912262402844988,
  "f1_weighted": 0.9492291527350553,
  "precision_macro": 0.9155814563587379,
  "recall_macro": 0.9203907512466515,
  "valid_predictions": 40942,
  "total_samples": 40942,
  "prediction_success_rate": 1.0,
  "avg_prediction_time": 1.8351755053231504e-05,
  "total_prediction_time": 0.7513575553894043,
  "avg_confidence": 0.6834629754984403
}